-- =========================================
-- CUSTOMER SAMPLE DATA
-- =========================================

INSERT INTO raw_customers VALUES
('C001','2024-01-05','Northeast','Google','700-749','Prime'),
('C002','2024-01-12','Northeast','Facebook','620-679','Standard'),
('C003','2024-02-03','South','Referral','750+','Prime'),
('C004','2024-02-10','West','Facebook','580-619','Subprime'),
('C005','2024-03-01','Midwest','Google','680-699','Standard'),
('C006','2024-03-15','South','Organic','700-749','Prime'),
('C007','2024-04-02','West','Facebook','620-679','Standard'),
('C008','2024-04-09','Northeast','Referral','750+','Prime'),
('C009','2024-04-20','Midwest','Organic','580-619','Subprime'),
('C010','2024-05-01','South','Google','680-699','Standard'),
('C011','2024-05-10','West','Facebook','620-679','Standard'),
('C012','2024-05-15','Northeast','Organic','700-749','Prime');

-- =========================================
-- LOAN APPLICATION SAMPLE DATA
-- =========================================

INSERT INTO raw_loan_applications VALUES
('A001','C001','2024-01-08','12000','0.089','Funded','2024-01-20','2024-01-15','2024-01-20','Underwriting'),
('A002','C002','2024-01-15','8000','0.129','funded','2024-01-30','2024-01-24','2024-01-30','Underwriting'),
('A003','C003','2024-02-05','15000','0.079','Funded','2024-02-18','2024-02-12','2024-02-18','Credit Review'),
('A004','C004','2024-02-12','6000','0.159','Declined','2024-02-20',NULL,NULL,'Credit Review'),
('A005','C005','2024-03-03','10000','0.109','Funded','2024-03-22','2024-03-12','2024-03-22','Underwriting'),
('A006','C006','2024-03-18','18000','0.075','Funded','2024-03-29','2024-03-24','2024-03-29','Underwriting'),
('A007','C007','2024-04-04','9000','0.135','Pending Docs','2024-04-08',NULL,NULL,'Document Review'),
('A008','C008','2024-04-12','20000','0.071','Funded','2024-04-25','2024-04-18','2024-04-25','Credit Review'),
('A009','C009','2024-04-22','5000','0.169','pending docs','2024-04-26',NULL,NULL,'Document Review'),
('A010','C010','2024-05-03','11000','0.105','Approved','2024-05-14','2024-05-14',NULL,'Underwriting'),
('A011','C011','2024-05-12','8500','0.139','Funded','2024-05-28','2024-05-20','2024-05-28','Underwriting'),
('A012','C012','2024-05-18','16000','0.082','Funded','2024-05-29','2024-05-24','2024-05-29','Credit Review'),
('A012','C012','2024-05-18','16000','0.082','Funded','2024-05-29','2024-05-24','2024-05-29','Credit Review');

-- =========================================
-- PAYMENT SAMPLE DATA
-- =========================================

INSERT INTO raw_payments VALUES
('P001','C001','2024-02-20','450','Paid','0'),
('P002','C002','2024-02-28','310','Late','7'),
('P003','C003','2024-03-18','560','Paid','0'),
('P004','C005','2024-04-22','390','Late','12'),
('P005','C006','2024-04-29','620','Paid','0'),
('P006','C008','2024-05-25','720','Paid','0'),
('P007','C011','2024-06-28','330','Late','15'),
('P008','C012','2024-06-29','590','Paid','0'),
('P009','C002','2024-03-28','310','late','10'),
('P010','C005','2024-05-22','390','Paid','0'),
('P011','C999','2024-05-30','400','Paid','0'),
('P012','C001','2024-03-20','-450','Reversed','0');

-- =========================================
-- SUPPORT CASES SAMPLE DATA
-- =========================================

INSERT INTO raw_support_cases VALUES
('S001','C002','Payment Issue','2024-02-25','2024-03-01','Resolved'),
('S002','C004','Application Status','2024-02-15','2024-02-19','Resolved'),
('S003','C007','Missing Documents','2024-04-07',NULL,'Open'),
('S004','C009','Missing Documents','2024-04-25',NULL,'Open'),
('S005','C011','Late Payment','2024-06-25','2024-06-30','Resolved'),
('S006','C001','Account Question','2024-03-01','2024-03-02','resolved');

-- =========================================
-- REGION SAMPLE DATA
-- =========================================

INSERT INTO regions VALUES
('Northeast', 'Sarah Chen', 'Urban'),
('South', 'Michael Torres', 'Suburban'),
('West', 'Jessica Patel', 'Urban'),
('Midwest', 'David Kim', 'Rural');

